Order Number	Order Date	Order Type	Order Channel	Customer Number	Order Status	Grand Total	Points Issued	Points Redeemed	Store Number	Store Address	Store City	Store State	Product SKU	Product Name	Product Description	Model	Unit Price	Quantity	Original Quantity	Line Total	Line Status	Product URL	Out of Stock	BOPIS Eligible	Delivery In Stock
9982935093	2023-10-29T19:53:49	SALES	WEB	3025391875	Delivered	378.7	0	0					24401670	Brother TN-223 Black/Cyan/Magenta/Yellow Standard Yield Toner Cartridge, Up to 1,400 Pages, 4/Pack (TN2234PK)	Brother TN-223 Black/Cyan/Magenta/Yellow Standard Yield Toner Cartridge, 4/Pack (TN2234PK)	TN2234PK	259.49	1	1	205.58	Delivered	brother-tn-223-black-cyan-magenta-yellow-standard-yield-toner-cartridge-up-to-1-400-pages-4-pack-tn2234pk/product_24401670	False	False	True
9982935093	2023-10-29T19:53:49	SALES	WEB	3025391875	Delivered	378.7	0	0					24401678	Brother TN-431 Cyan/Magenta/Yellow Standard Yield Toner Cartridge, Up to 1,800 Pages, 3/Pack (TN4313PK)	Brother TN-431 Cyan/Magenta/Yellow Standard Yield Toner Cartridge, 3/Pack (TN4313PK)	TN4313PK	218.49	1	1	173.12	Delivered	brother-tn-431-cyan-magenta-yellow-standard-yield-toner-cartridge-up-to-1-800-pages-3-pack-tn4313pk/product_24401678	False	False	True
9916060248	2023-11-02T23:06:16	SALES	WEB	3025391875	Delivered	451.14	0	0					24401679	Brother TN-221 Cyan/Magenta/Yellow Standard Yield Toner Cartridge, Up to 1,400 Pages, 3/Pack  (TN2213PK)	Brother TN-221 Cyan/Magenta/Yellow Standard Yield Toner Cartridge, 3/Pack  (TN2213PK)	TN2213PK	0	1	1	0	Delivered	brother-tn-221-cyan-magenta-yellow-standard-yield-toner-cartridge-up-to-1-400-pages-3-pack-tn2213pk/product_24401679	False	False	True
9916060248	2023-11-02T23:06:16	SALES	WEB	3025391875	Delivered	451.14	0	0					24401678	Brother TN-431 Cyan/Magenta/Yellow Standard Yield Toner Cartridge, Up to 1,800 Pages, 3/Pack (TN4313PK)	Brother TN-431 Cyan/Magenta/Yellow Standard Yield Toner Cartridge, 3/Pack (TN4313PK)	TN4313PK	218.49	1	1	178.1	Delivered	brother-tn-431-cyan-magenta-yellow-standard-yield-toner-cartridge-up-to-1-800-pages-3-pack-tn4313pk/product_24401678	False	False	True
9916060248	2023-11-02T23:06:16	SALES	WEB	3025391875	Delivered	451.14	0	0					24401679	Brother TN-221 Cyan/Magenta/Yellow Standard Yield Toner Cartridge, Up to 1,400 Pages, 3/Pack (TN2213PK)	Brother TN-221 Cyan/Magenta/Yellow Standard Yield Toner Cartridge, 3/Pack  (TN2213PK)	TN2213PK	167.49	2	2	273.04	Delivered	brother-tn-221-cyan-magenta-yellow-standard-yield-toner-cartridge-up-to-1-400-pages-3-pack-tn2213pk/product_24401679	False	False	True
9916833513	2023-12-01T20:00:15	SALES	ALL	3025391875	Enrolled	52.25	0	0					2400385	Staples Plus Membership	Staples Plus Membership	CLUBMEM.COM	49	1	1	52.25	Enrolled	Business-Rewards-Plus-Membership/product_2400385	False	False	True
9918675236	2024-01-31T23:19:29	SALES	WEB	3025391875	Delivered	28.39	0	0					24401678	Brother TN-431 Cyan/Magenta/Yellow Standard Yield Toner Cartridge, Up to 1,800 Pages, 3/Pack (TN4313PK)	Brother TN-431 Cyan/Magenta/Yellow Standard Yield Toner Cartridge, 3/Pack (TN4313PK)	TN4313PK	219.49	4	4	28.39	Delivered	brother-tn-431-cyan-magenta-yellow-standard-yield-toner-cartridge-up-to-1-800-pages-3-pack-tn4313pk/product_24401678	False	False	True
9919673619	2024-03-03T17:18:48	SALES	WEB	3025391875	Cancelled	0	0	0					24528368	Dawn Ultra Platinum Powerwash Free & Clear Dishwasher Detergent Liquid, Light Pear Scent, 16 oz., (65732)	Dawn Ultra Platinum Powerwash Free & Clear Dish Soap Spray, Light Pear Scent, 16 oz. (65732)	65732	8.39	0	1	0	Cancelled	dawn-ultra-platinum-powerwash-free-clear-dishwasher-detergent-liquid-light-pear-scent-16-oz-65732/product_24528368	True	False	False
9919673619	2024-03-03T17:18:48	SALES	WEB	3025391875	Cancelled	0	0	0					24562505	Dawn Platinum Dish Soap, Refreshing Rain, 54.8 fl. oz., 2/Pack (04504)	Dawn Platinum Liquid Dish Soap, Refreshing Rain, 54.8 oz., 2/Pack (04504)	04504	27.79	0	1	0	Cancelled	dawn-platinum-dish-soap-refreshing-rain-54-8-fl-oz-2-pack-04504/product_24562505	False	False	True
9983341929	2024-03-06T23:10:10	SALES	WEB	3025391875	Delivered	250.87	21778	10400					24401678	Brother TN-431 Cyan/Magenta/Yellow Standard Yield Toner Cartridge, Up to 1,800 Pages, 3/Pack (TN4313PK)	Brother TN-431 Cyan/Magenta/Yellow Standard Yield Toner Cartridge, 3/Pack (TN4313PK)	TN4313PK	218.49	2	2	229.34	Delivered	brother-tn-431-cyan-magenta-yellow-standard-yield-toner-cartridge-up-to-1-800-pages-3-pack-tn4313pk/product_24401678	False	False	True
9983341929	2024-03-06T23:10:10	SALES	WEB	3025391875	Delivered	250.87	21778	10400					24405972	Coastwide Professional™ J-Series 1-Ply Small Core Bath Tissue, White, 3000 Sheets/Roll, 18 Rolls/Carton (CWJBT-3000)	Coastwide Professional™ J-Series 1-Ply Small Core Bath Tissue, White, 3000 Sheets/Roll, 18 Rolls/Carton (CWJBT-3000)		43.75	1	1	21.53	Delivered		True	False	False
9983359016	2024-03-13T00:21:36	SALES	WEB	3025391875	Delivered	365.56	7182	0					24401678	Brother TN-431 Cyan/Magenta/Yellow Standard Yield Toner Cartridge, Up to 1,800 Pages, 3/Pack (TN4313PK)	Brother TN-431 Cyan/Magenta/Yellow Standard Yield Toner Cartridge, 3/Pack (TN4313PK)	TN4313PK	218.49	2	2	321.11	Delivered	brother-tn-431-cyan-magenta-yellow-standard-yield-toner-cartridge-up-to-1-800-pages-3-pack-tn4313pk/product_24401678	False	False	True
9983359016	2024-03-13T00:21:36	SALES	WEB	3025391875	Delivered	365.56	7182	0					24339497	Brother TN-223 Black Standard Yield Toner Cartridge, Print Up to 1,400 Pages (TN223BK)	Brother TN-223 Black Standard Yield Toner Cartridge, Print Up to 1,400 Pages (TN223BK)	TN223BK	60.49	1	1	44.45	Delivered	brother-tn-223-black-standard-yield-toner-cartridge-print-up-to-1-400-pages-tn223bk/product_24339497	False	False	True
9920215401	2024-03-21T19:45:24	SALES	WEB	3025391875	Partially Picked up	332.81	36912	0					24579067	"TRU RED™ 8.5"" x 11"" Copy Paper, 20 lbs., 92 Brightness, 600 Sheets/Ream, 6 Reams/Carton (TR62091)"	"TRU RED™ 8.5"" x 11"" Copy Paper, 20 lbs., 92 Brightness, 600 Sheets/Ream, 6 Reams/Carton (TR62091)"	TR62091	41.99	1	1	0	Delivered	tru-red-8-5-x-11-copy-paper-20-lbs-92-brightness-600-sheets-ream-6-reams-carton-tr62091/product_24579067	False	False	True
9920215401	2024-03-21T19:45:24	SALES	WEB	3025391875	Partially Picked up	332.81	36912	0					24339497	Brother TN-223 Black Standard Yield Toner Cartridge, Print Up to 1,400 Pages   (TN223BK)	Brother TN-223 Black Standard Yield Toner Cartridge, Print Up to 1,400 Pages (TN223BK)	TN223BK	60.49	1	1	44.21	Delivered	brother-tn-223-black-standard-yield-toner-cartridge-print-up-to-1-400-pages-tn223bk/product_24339497	False	False	True
9920215401	2024-03-21T19:45:24	SALES	WEB	3025391875	Partially Picked up	332.81	36912	0					24339498	Brother TN-227 Black High Yield Toner Cartridge, Print Up to 3,000 Pages (TN227BK)	Brother TN-227 Black High Yield Toner Cartridge, Print Up to 3,000 Pages (TN227BK)	TN227BK	78.99	5	5	288.6	Picked up	brother-tn-227-black-high-yield-toner-cartridge-print-up-to-3-000-pages-tn227bk/product_24339498	False	True	True
9920450152	2024-03-29T23:54:22	SALES	WEB	3025391875	Delivered	0.59	0	79400					24339497	Brother TN-223 Black Standard Yield Toner Cartridge, Print Up to 1,400 Pages   (TN223BK)	Brother TN-223 Black Standard Yield Toner Cartridge, Print Up to 1,400 Pages (TN223BK)	TN223BK	0	1	1	0	Delivered	brother-tn-223-black-standard-yield-toner-cartridge-print-up-to-1-400-pages-tn223bk/product_24339497	False	False	True
9920450152	2024-03-29T23:54:22	SALES	WEB	3025391875	Delivered	0.59	0	79400					24339497	Brother TN-223 Black Standard Yield Toner Cartridge, Print Up to 1,400 Pages   (TN223BK)	Brother TN-223 Black Standard Yield Toner Cartridge, Print Up to 1,400 Pages (TN223BK)	TN223BK	60.49	1	1	0.07	Delivered	brother-tn-223-black-standard-yield-toner-cartridge-print-up-to-1-400-pages-tn223bk/product_24339497	False	False	True
9920450152	2024-03-29T23:54:22	SALES	WEB	3025391875	Delivered	0.59	0	79400					24401670	Brother TN-223 Black/Cyan/Magenta/Yellow Standard Yield Toner Cartridge, Up to 1,400 Pages, 4/Pack (TN2234PK)	Brother TN-223 Black/Cyan/Magenta/Yellow Standard Yield Toner Cartridge, 4/Pack (TN2234PK)	TN2234PK	0	1	1	0	Delivered	brother-tn-223-black-cyan-magenta-yellow-standard-yield-toner-cartridge-up-to-1-400-pages-4-pack-tn2234pk/product_24401670	False	False	True
9920450152	2024-03-29T23:54:22	SALES	WEB	3025391875	Delivered	0.59	0	79400					24401670	Brother TN-223 Black/Cyan/Magenta/Yellow Standard Yield Toner Cartridge, Up to 1,400 Pages, 4/Pack (TN2234PK)	Brother TN-223 Black/Cyan/Magenta/Yellow Standard Yield Toner Cartridge, 4/Pack (TN2234PK)	TN2234PK	259.49	2	2	0.52	Delivered	brother-tn-223-black-cyan-magenta-yellow-standard-yield-toner-cartridge-up-to-1-400-pages-4-pack-tn2234pk/product_24401670	False	False	True
9920450152	2024-03-29T23:54:22	SALES	WEB	3025391875	Delivered	0.59	0	79400					24401670	Brother TN-223 Black/Cyan/Magenta/Yellow Standard Yield Toner Cartridge, Up to 1,400 Pages, 4/Pack (TN2234PK)	Brother TN-223 Black/Cyan/Magenta/Yellow Standard Yield Toner Cartridge, 4/Pack (TN2234PK)	TN2234PK	0	1	1	0	Delivered	brother-tn-223-black-cyan-magenta-yellow-standard-yield-toner-cartridge-up-to-1-400-pages-4-pack-tn2234pk/product_24401670	False	False	True
9920655853	2024-04-06T13:45:42	SALES	WEB	3025391875	Delivered	251.77	23836	24000					24401670	Brother TN-223 Black/Cyan/Magenta/Yellow Standard Yield Toner Cartridge, Up to 1,400 Pages, 4/Pack (TN2234PK)	Brother TN-223 Black/Cyan/Magenta/Yellow Standard Yield Toner Cartridge, 4/Pack (TN2234PK)	TN2234PK	259.49	2	2	251.77	Delivered	brother-tn-223-black-cyan-magenta-yellow-standard-yield-toner-cartridge-up-to-1-400-pages-4-pack-tn2234pk/product_24401670	False	False	True
9920663982	2024-04-06T21:37:21	SALES	WEB	3025391875	Delivered	379.72	35956	0					24401670	Brother TN-223 Black/Cyan/Magenta/Yellow Standard Yield Toner Cartridge, Up to 1,400 Pages, 4/Pack (TN2234PK)	Brother TN-223 Black/Cyan/Magenta/Yellow Standard Yield Toner Cartridge, 4/Pack (TN2234PK)	TN2234PK	259.49	2	2	379.72	Delivered	brother-tn-223-black-cyan-magenta-yellow-standard-yield-toner-cartridge-up-to-1-400-pages-4-pack-tn2234pk/product_24401670	False	False	True
9921022046	2024-04-20T18:12:28	SALES	WEB	3025391875	Delivered	374.39	11371	0					24401670	Brother TN-223 Black/Cyan/Magenta/Yellow Standard Yield Toner Cartridge, Up to 1,400 Pages, 4/Pack (TN2234PK)	Brother TN-223 Black/Cyan/Magenta/Yellow Standard Yield Toner Cartridge, 4/Pack (TN2234PK)	TN2234PK	259.49	2	2	374.39	Delivered	brother-tn-223-black-cyan-magenta-yellow-standard-yield-toner-cartridge-up-to-1-400-pages-4-pack-tn2234pk/product_24401670	False	False	True
9921022046	2024-04-20T18:12:28	SALES	WEB	3025391875	Delivered	374.39	11371	0					24401670	Brother TN-223 Black/Cyan/Magenta/Yellow Standard Yield Toner Cartridge, Up to 1,400 Pages, 4/Pack (TN2234PK)	Brother TN-223 Black/Cyan/Magenta/Yellow Standard Yield Toner Cartridge, 4/Pack (TN2234PK)	TN2234PK	0	1	1	0	Delivered	brother-tn-223-black-cyan-magenta-yellow-standard-yield-toner-cartridge-up-to-1-400-pages-4-pack-tn2234pk/product_24401670	False	False	True
9921072041	2024-04-22T23:38:12	SALES	WEB	3025391875	Delivered	371.66	11308	0					24339498	Brother TN-227 Black High Yield Toner Cartridge, Print Up to 3,000 Pages (TN227BK)	Brother TN-227 Black High Yield Toner Cartridge, Print Up to 3,000 Pages (TN227BK)	TN227BK	78.99	1	1	56.89	Delivered	brother-tn-227-black-high-yield-toner-cartridge-print-up-to-3-000-pages-tn227bk/product_24339498	False	True	True
9921072041	2024-04-22T23:38:12	SALES	WEB	3025391875	Delivered	371.66	11308	0					24401678	Brother TN-431 Cyan/Magenta/Yellow Standard Yield Toner Cartridge, 3/Pack  (TN4313PK)	Brother TN-431 Cyan/Magenta/Yellow Standard Yield Toner Cartridge, 3/Pack (TN4313PK)	TN4313PK	218.49	2	2	314.77	Delivered	brother-tn-431-cyan-magenta-yellow-standard-yield-toner-cartridge-up-to-1-800-pages-3-pack-tn4313pk/product_24401678	False	False	True
9921378832	2024-05-02T09:53:35	SALES	WEB	3025391875	Delivered	1.81	121	73200					24401678	Brother TN-431 Cyan/Magenta/Yellow Standard Yield Toner Cartridge, 3/Pack  (TN4313PK)	Brother TN-431 Cyan/Magenta/Yellow Standard Yield Toner Cartridge, 3/Pack (TN4313PK)	TN4313PK	229.49	2	2	1.54	Delivered	brother-tn-431-cyan-magenta-yellow-standard-yield-toner-cartridge-up-to-1-800-pages-3-pack-tn4313pk/product_24401678	False	False	True
9921378832	2024-05-02T09:53:35	SALES	WEB	3025391875	Delivered	1.81	121	73200					147220	Brother TN-221 Black Standard Yield Toner Cartridge   (TN221BK)	Brother TN-221 Black Standard Yield Toner Cartridge (TN221BK)	TN221BK	79.49	1	1	0.27	Delivered	brother-tn-221-black-standard-yield-toner-cartridge-print-up-to-2-500-pages-tn221bk/product_147220	False	True	True
9921404897	2024-05-02T20:30:08	SALES	WEB	3025391875	Delivered	0.75	0	73400					24401678	Brother TN-431 Cyan/Magenta/Yellow Standard Yield Toner Cartridge, 3/Pack  (TN4313PK)	Brother TN-431 Cyan/Magenta/Yellow Standard Yield Toner Cartridge, 3/Pack (TN4313PK)	TN4313PK	229.49	2	2	0.64	Delivered	brother-tn-431-cyan-magenta-yellow-standard-yield-toner-cartridge-up-to-1-800-pages-3-pack-tn4313pk/product_24401678	False	False	True
9921404897	2024-05-02T20:30:08	SALES	WEB	3025391875	Delivered	0.75	0	73400					147220	Brother TN-221 Black Standard Yield Toner Cartridge   (TN221BK)	Brother TN-221 Black Standard Yield Toner Cartridge (TN221BK)	TN221BK	79.49	1	1	0.11	Delivered	brother-tn-221-black-standard-yield-toner-cartridge-print-up-to-2-500-pages-tn221bk/product_147220	False	True	True
9921444795	2024-05-04T16:55:46	SALES	WEB	3025391875	Delivered	286.93	31889	17000					24401678	Brother TN-431 Cyan/Magenta/Yellow Standard Yield Toner Cartridge, 3/Pack  (TN4313PK)	Brother TN-431 Cyan/Magenta/Yellow Standard Yield Toner Cartridge, 3/Pack (TN4313PK)	TN4313PK	229.49	2	2	252.06	Delivered	brother-tn-431-cyan-magenta-yellow-standard-yield-toner-cartridge-up-to-1-800-pages-3-pack-tn4313pk/product_24401678	False	False	True
9921444795	2024-05-04T16:55:46	SALES	WEB	3025391875	Delivered	286.93	31889	17000					24339497	Brother TN-223 Black Standard Yield Toner Cartridge, Print Up to 1,400 Pages   (TN223BK)	Brother TN-223 Black Standard Yield Toner Cartridge, Print Up to 1,400 Pages (TN223BK)	TN223BK	63.49	1	1	34.87	Delivered	brother-tn-223-black-standard-yield-toner-cartridge-print-up-to-1-400-pages-tn223bk/product_24339497	False	False	True
9921811595	2024-05-18T16:45:08	SALES	WEB	3025391875	Delivered	377.56	41974	0					24401678	Brother TN-431 Cyan/Magenta/Yellow Standard Yield Toner Cartridge, 3/Pack  (TN4313PK)	Brother TN-431 Cyan/Magenta/Yellow Standard Yield Toner Cartridge, 3/Pack (TN4313PK)	TN4313PK	229.49	2	2	331.68	Delivered	brother-tn-431-cyan-magenta-yellow-standard-yield-toner-cartridge-up-to-1-800-pages-3-pack-tn4313pk/product_24401678	False	False	True
9921811595	2024-05-18T16:45:08	SALES	WEB	3025391875	Delivered	377.56	41974	0					24339497	Brother TN-223 Black Standard Yield Toner Cartridge, Print Up to 1,400 Pages   (TN223BK)	Brother TN-223 Black Standard Yield Toner Cartridge, Print Up to 1,400 Pages (TN223BK)	TN223BK	63.49	1	1	45.88	Delivered	brother-tn-223-black-standard-yield-toner-cartridge-print-up-to-1-400-pages-tn223bk/product_24339497	False	False	True
9921814738	2024-05-18T22:45:23	SALES	WEB	3025391875	Delivered	376.49	41853	0					24339497	Brother TN-223 Black Standard Yield Toner Cartridge, Print Up to 1,400 Pages   (TN223BK)	Brother TN-223 Black Standard Yield Toner Cartridge, Print Up to 1,400 Pages (TN223BK)	TN223BK	63.49	1	1	45.75	Delivered	brother-tn-223-black-standard-yield-toner-cartridge-print-up-to-1-400-pages-tn223bk/product_24339497	False	False	True
9921814738	2024-05-18T22:45:23	SALES	WEB	3025391875	Delivered	376.49	41853	0					24339497	Brother TN-223 Black Standard Yield Toner Cartridge, Print Up to 1,400 Pages   (TN223BK)	Brother TN-223 Black Standard Yield Toner Cartridge, Print Up to 1,400 Pages (TN223BK)	TN223BK	0	1	1	0	Delivered	brother-tn-223-black-standard-yield-toner-cartridge-print-up-to-1-400-pages-tn223bk/product_24339497	False	False	True
9921814738	2024-05-18T22:45:23	SALES	WEB	3025391875	Delivered	376.49	41853	0					24401678	Brother TN-431 Cyan/Magenta/Yellow Standard Yield Toner Cartridge, 3/Pack  (TN4313PK)	Brother TN-431 Cyan/Magenta/Yellow Standard Yield Toner Cartridge, 3/Pack (TN4313PK)	TN4313PK	229.49	2	2	330.74	Delivered	brother-tn-431-cyan-magenta-yellow-standard-yield-toner-cartridge-up-to-1-800-pages-3-pack-tn4313pk/product_24401678	False	False	True
9921983109	2024-05-25T23:07:25	SALES	WEB	3025391875	Delivered	0.11	0	0					24339497	Brother TN-223 Black Standard Yield Toner Cartridge, Print Up to 1,400 Pages   (TN223BK)	Brother TN-223 Black Standard Yield Toner Cartridge, Print Up to 1,400 Pages (TN223BK)	TN223BK	63.49	1	1	0.01	Delivered	brother-tn-223-black-standard-yield-toner-cartridge-print-up-to-1-400-pages-tn223bk/product_24339497	False	False	True
9921983109	2024-05-25T23:07:25	SALES	WEB	3025391875	Delivered	0.11	0	0					24401678	Brother TN-431 Cyan/Magenta/Yellow Standard Yield Toner Cartridge, 3/Pack  (TN4313PK)	Brother TN-431 Cyan/Magenta/Yellow Standard Yield Toner Cartridge, 3/Pack (TN4313PK)	TN4313PK	229.49	2	2	0.1	Delivered	brother-tn-431-cyan-magenta-yellow-standard-yield-toner-cartridge-up-to-1-800-pages-3-pack-tn4313pk/product_24401678	False	False	True
9921983238	2024-05-25T23:30:16	SALES	WEB	3025391875	Delivered	109.47	12342	0					24401678	Brother TN-431 Cyan/Magenta/Yellow Standard Yield Toner Cartridge, 3/Pack  (TN4313PK)	Brother TN-431 Cyan/Magenta/Yellow Standard Yield Toner Cartridge, 3/Pack (TN4313PK)	TN4313PK	229.49	2	2	92.71	Delivered	brother-tn-431-cyan-magenta-yellow-standard-yield-toner-cartridge-up-to-1-800-pages-3-pack-tn4313pk/product_24401678	False	False	True
9921983238	2024-05-25T23:30:16	SALES	WEB	3025391875	Delivered	109.47	12342	0					24339498	Brother TN-227 Black High Yield Toner Cartridge, Print Up to 3,000 Pages (TN227BK)	Brother TN-227 Black High Yield Toner Cartridge, Print Up to 3,000 Pages (TN227BK)	TN227BK	82.99	1	1	16.76	Delivered	brother-tn-227-black-high-yield-toner-cartridge-print-up-to-3-000-pages-tn227bk/product_24339498	False	True	True
9922901845	2024-06-29T23:12:46	SALES	WEB	3025391875	Delivered	330.68	34410	0					24401678	Brother TN-431 Cyan/Magenta/Yellow Standard Yield Toner Cartridge, 3/Pack  (TN4313PK)	Brother TN-431 Cyan/Magenta/Yellow Standard Yield Toner Cartridge, 3/Pack (TN4313PK)	TN4313PK	229.49	2	2	330.68	Delivered	brother-tn-431-cyan-magenta-yellow-standard-yield-toner-cartridge-up-to-1-800-pages-3-pack-tn4313pk/product_24401678	False	False	True
9922901969	2024-06-29T23:31:19	SALES	WEB	3025391875	Delivered	330.68	34410	0					24401678	Brother TN-431 Cyan/Magenta/Yellow Standard Yield Toner Cartridge, 3/Pack  (TN4313PK)	Brother TN-431 Cyan/Magenta/Yellow Standard Yield Toner Cartridge, 3/Pack (TN4313PK)	TN4313PK	229.49	2	2	330.68	Delivered	brother-tn-431-cyan-magenta-yellow-standard-yield-toner-cartridge-up-to-1-800-pages-3-pack-tn4313pk/product_24401678	False	False	True
9923036996	2024-07-06T23:30:24	SALES	WEB	3025391875	Delivered	0.83	0	39800					24401678	Brother TN-431 Cyan/Magenta/Yellow Standard Yield Toner Cartridge, 3/Pack  (TN4313PK)	Brother TN-431 Cyan/Magenta/Yellow Standard Yield Toner Cartridge, 3/Pack (TN4313PK)	TN4313PK	0	1	1	0	Delivered	brother-tn-431-cyan-magenta-yellow-standard-yield-toner-cartridge-up-to-1-800-pages-3-pack-tn4313pk/product_24401678	False	False	True
9923036996	2024-07-06T23:30:24	SALES	WEB	3025391875	Delivered	0.83	0	39800					24401678	Brother TN-431 Cyan/Magenta/Yellow Standard Yield Toner Cartridge, 3/Pack (TN4313PK)	Brother TN-431 Cyan/Magenta/Yellow Standard Yield Toner Cartridge, 3/Pack (TN4313PK)	TN4313PK	0	1	1	0	Delivered	brother-tn-431-cyan-magenta-yellow-standard-yield-toner-cartridge-up-to-1-800-pages-3-pack-tn4313pk/product_24401678	False	False	True
9923036996	2024-07-06T23:30:24	SALES	WEB	3025391875	Delivered	0.83	0	39800					24401678	Brother TN-431 Cyan/Magenta/Yellow Standard Yield Toner Cartridge, 3/Pack  (TN4313PK)	Brother TN-431 Cyan/Magenta/Yellow Standard Yield Toner Cartridge, 3/Pack (TN4313PK)	TN4313PK	229.49	1	1	0.6	Delivered	brother-tn-431-cyan-magenta-yellow-standard-yield-toner-cartridge-up-to-1-800-pages-3-pack-tn4313pk/product_24401678	False	False	True
9923036996	2024-07-06T23:30:24	SALES	WEB	3025391875	Delivered	0.83	0	39800					24459955	HP 134x Black High Yield Toner Cartridge (W1340X)	HP 134x Black High Yield Toner Cartridge, Prints Up to 2,400 pages (W1340X)	W1340X	87.89	1	1	0.23	Delivered	hp-134x-black-high-yield-toner-cartridge-w1340x/product_24459955	False	True	True
9926631200	2024-12-03T20:00:40	SALES	ALL	3025391875	Enrolled	52.25	0	0					2400385	Staples Plus Membership	Staples Plus Membership	CLUBMEM.COM	49	1	1	52.25	Enrolled	Business-Rewards-Plus-Membership/product_2400385	False	False	True
9927079138	2024-12-21T15:09:34	SALES	WEB	3025391875	Delivered	115.55	10220	0					1668032	Lysol Mold & Mildew Remover, 1 Quart, Trigger Spray Bottle (1920078915)	Lysol Mold & Mildew Remover, 1 Quart, Trigger Spray Bottle (1920078915)	1920078915	8.19	1	1	6.83	Delivered	lysol-mold-mildew-remover-1-quart-trigger-spray-bottle-1920078915/product_1668032	False	False	True
9927079138	2024-12-21T15:09:34	SALES	WEB	3025391875	Delivered	115.55	10220	0					24339497	Brother TN-223 Black Standard Yield Toner Cartridge, Print Up to 1,400 Pages (TN223BK)	Brother TN-223 Black Standard Yield Toner Cartridge, Print Up to 1,400 Pages (TN223BK)	TN223BK	65.09	2	2	108.72	Delivered	brother-tn-223-black-standard-yield-toner-cartridge-print-up-to-1-400-pages-tn223bk/product_24339497	False	False	True
9932708873	2025-09-21T09:38:41	SALES	WEB	3025391875	Picked up	19.99	57	0					2091512	Dunkin' Original Blend Coffee Keurig® K-Cup® Pods, Medium Roast, 44/Box (006933)	Dunkin' Original Blend Coffee Keurig® K-Cup® Pods, Medium Roast, 44/Box (006933)	5000380570	38.99	1	1	19.99	Picked up	dunkin-original-blend-coffee-keurig-k-cup-pods-medium-roast-44-box-006933/product_2091512	False	True	True
9932709071	2025-09-21T10:03:12	SALES	WEB	3025391875	Did not pick up	0	0	0					2091512	Dunkin' Original Blend Coffee Keurig® K-Cup® Pods, Medium Roast, 44/Box (006933)	Dunkin' Original Blend Coffee Keurig® K-Cup® Pods, Medium Roast, 44/Box (006933)	5000380570	38.99	0	1	0	Did not pick up	dunkin-original-blend-coffee-keurig-k-cup-pods-medium-roast-44-box-006933/product_2091512	False	True	True
9932709080	2025-09-21T10:04:08	SALES	WEB	3025391875	Did not pick up	0	0	0					2091512	Dunkin' Original Blend Coffee Keurig® K-Cup® Pods, Medium Roast, 44/Box (006933)	Dunkin' Original Blend Coffee Keurig® K-Cup® Pods, Medium Roast, 44/Box (006933)	5000380570	38.99	0	1	0	Did not pick up	dunkin-original-blend-coffee-keurig-k-cup-pods-medium-roast-44-box-006933/product_2091512	False	True	True
9932709093	2025-09-21T10:05:40	SALES	WEB	3025391875	Did not pick up	0	0	0					2091512	Dunkin' Original Blend Coffee Keurig® K-Cup® Pods, Medium Roast, 44/Box (006933)	Dunkin' Original Blend Coffee Keurig® K-Cup® Pods, Medium Roast, 44/Box (006933)	5000380570	38.99	0	1	0	Did not pick up	dunkin-original-blend-coffee-keurig-k-cup-pods-medium-roast-44-box-006933/product_2091512	False	True	True
9932709106	2025-09-21T10:06:54	SALES	WEB	3025391875	Did not pick up	0	0	0					2091512	Dunkin' Original Blend Coffee Keurig® K-Cup® Pods, Medium Roast, 44/Box (006933)	Dunkin' Original Blend Coffee Keurig® K-Cup® Pods, Medium Roast, 44/Box (006933)	5000380570	38.99	0	1	0	Did not pick up	dunkin-original-blend-coffee-keurig-k-cup-pods-medium-roast-44-box-006933/product_2091512	False	True	True
9932709110	2025-09-21T10:07:43	SALES	WEB	3025391875	Did not pick up	0	0	0					2091512	Dunkin' Original Blend Coffee Keurig® K-Cup® Pods, Medium Roast, 44/Box (006933)	Dunkin' Original Blend Coffee Keurig® K-Cup® Pods, Medium Roast, 44/Box (006933)	5000380570	38.99	0	1	0	Did not pick up	dunkin-original-blend-coffee-keurig-k-cup-pods-medium-roast-44-box-006933/product_2091512	False	True	True
9932709119	2025-09-21T10:08:21	SALES	WEB	3025391875	Did not pick up	0	0	0					2091512	Dunkin' Original Blend Coffee Keurig® K-Cup® Pods, Medium Roast, 44/Box (006933)	Dunkin' Original Blend Coffee Keurig® K-Cup® Pods, Medium Roast, 44/Box (006933)	5000380570	38.99	0	1	0	Did not pick up	dunkin-original-blend-coffee-keurig-k-cup-pods-medium-roast-44-box-006933/product_2091512	False	True	True
9932709122	2025-09-21T10:09:00	SALES	WEB	3025391875	Did not pick up	0	0	0					2091512	Dunkin' Original Blend Coffee Keurig® K-Cup® Pods, Medium Roast, 44/Box (006933)	Dunkin' Original Blend Coffee Keurig® K-Cup® Pods, Medium Roast, 44/Box (006933)	5000380570	38.99	0	1	0	Did not pick up	dunkin-original-blend-coffee-keurig-k-cup-pods-medium-roast-44-box-006933/product_2091512	False	True	True
9932709132	2025-09-21T10:09:55	SALES	WEB	3025391875	Did not pick up	0	0	0					2091512	Dunkin' Original Blend Coffee Keurig® K-Cup® Pods, Medium Roast, 44/Box (006933)	Dunkin' Original Blend Coffee Keurig® K-Cup® Pods, Medium Roast, 44/Box (006933)	5000380570	38.99	0	1	0	Did not pick up	dunkin-original-blend-coffee-keurig-k-cup-pods-medium-roast-44-box-006933/product_2091512	False	True	True
9932709143	2025-09-21T10:10:57	SALES	WEB	3025391875	Did not pick up	0	0	0					2091512	Dunkin' Original Blend Coffee Keurig® K-Cup® Pods, Medium Roast, 44/Box (006933)	Dunkin' Original Blend Coffee Keurig® K-Cup® Pods, Medium Roast, 44/Box (006933)	5000380570	38.99	0	1	0	Did not pick up	dunkin-original-blend-coffee-keurig-k-cup-pods-medium-roast-44-box-006933/product_2091512	False	True	True
9932709153	2025-09-21T10:12:06	SALES	WEB	3025391875	Item(s) Unavailable	0	0	0					2091512	Dunkin' Original Blend Coffee Keurig® K-Cup® Pods, Medium Roast, 44/Box (006933)	Dunkin' Original Blend Coffee Keurig® K-Cup® Pods, Medium Roast, 44/Box (006933)	5000380570	38.99	0	1	0	Item(s) Unavailable	dunkin-original-blend-coffee-keurig-k-cup-pods-medium-roast-44-box-006933/product_2091512	False	True	True
9932709163	2025-09-21T10:12:37	SALES	WEB	3025391875	Did not pick up	0	0	0					2091512	Dunkin' Original Blend Coffee Keurig® K-Cup® Pods, Medium Roast, 44/Box (006933)	Dunkin' Original Blend Coffee Keurig® K-Cup® Pods, Medium Roast, 44/Box (006933)	5000380570	38.99	0	1	0	Did not pick up	dunkin-original-blend-coffee-keurig-k-cup-pods-medium-roast-44-box-006933/product_2091512	False	True	True
9932709168	2025-09-21T10:13:06	SALES	WEB	3025391875	Picked up	19.99	57	0					2091512	Dunkin' Original Blend Coffee Keurig® K-Cup® Pods, Medium Roast, 44/Box (006933)	Dunkin' Original Blend Coffee Keurig® K-Cup® Pods, Medium Roast, 44/Box (006933)	5000380570	38.99	1	1	19.99	Picked up	dunkin-original-blend-coffee-keurig-k-cup-pods-medium-roast-44-box-006933/product_2091512	False	True	True
9932710285	2025-09-21T12:02:20	SALES	MOBILE_APP_ANDROID	3025391875	Did not pick up	0	0	0					2091512	Dunkin' Original Blend Coffee Keurig® K-Cup® Pods, Medium Roast, 44/Box (006933)	Dunkin' Original Blend Coffee Keurig® K-Cup® Pods, Medium Roast, 44/Box (006933)	5000380570	38.99	0	1	0	Did not pick up	dunkin-original-blend-coffee-keurig-k-cup-pods-medium-roast-44-box-006933/product_2091512	False	True	True
9932710305	2025-09-21T12:03:40	SALES	MOBILE_APP_ANDROID	3025391875	Did not pick up	0	0	0					2091512	Dunkin' Original Blend Coffee Keurig® K-Cup® Pods, Medium Roast, 44/Box (006933)	Dunkin' Original Blend Coffee Keurig® K-Cup® Pods, Medium Roast, 44/Box (006933)	5000380570	38.99	0	1	0	Did not pick up	dunkin-original-blend-coffee-keurig-k-cup-pods-medium-roast-44-box-006933/product_2091512	False	True	True
9932710323	2025-09-21T12:04:49	SALES	MOBILE_APP_ANDROID	3025391875	Did not pick up	0	0	0					2091512	Dunkin' Original Blend Coffee Keurig® K-Cup® Pods, Medium Roast, 44/Box (006933)	Dunkin' Original Blend Coffee Keurig® K-Cup® Pods, Medium Roast, 44/Box (006933)	5000380570	38.99	0	1	0	Did not pick up	dunkin-original-blend-coffee-keurig-k-cup-pods-medium-roast-44-box-006933/product_2091512	False	True	True
9932710342	2025-09-21T12:05:53	SALES	MOBILE_APP_ANDROID	3025391875	Did not pick up	0	0	0					2091512	Dunkin' Original Blend Coffee Keurig® K-Cup® Pods, Medium Roast, 44/Box (006933)	Dunkin' Original Blend Coffee Keurig® K-Cup® Pods, Medium Roast, 44/Box (006933)	5000380570	38.99	0	1	0	Did not pick up	dunkin-original-blend-coffee-keurig-k-cup-pods-medium-roast-44-box-006933/product_2091512	False	True	True
9932710350	2025-09-21T12:06:31	SALES	MOBILE_APP_ANDROID	3025391875	Did not pick up	0	0	0					2091512	Dunkin' Original Blend Coffee Keurig® K-Cup® Pods, Medium Roast, 44/Box (006933)	Dunkin' Original Blend Coffee Keurig® K-Cup® Pods, Medium Roast, 44/Box (006933)	5000380570	38.99	0	1	0	Did not pick up	dunkin-original-blend-coffee-keurig-k-cup-pods-medium-roast-44-box-006933/product_2091512	False	True	True
9932710364	2025-09-21T12:07:39	SALES	MOBILE_APP_ANDROID	3025391875	Did not pick up	0	0	0					2091512	Dunkin' Original Blend Coffee Keurig® K-Cup® Pods, Medium Roast, 44/Box (006933)	Dunkin' Original Blend Coffee Keurig® K-Cup® Pods, Medium Roast, 44/Box (006933)	5000380570	38.99	0	1	0	Did not pick up	dunkin-original-blend-coffee-keurig-k-cup-pods-medium-roast-44-box-006933/product_2091512	False	True	True
9932710371	2025-09-21T12:08:15	SALES	MOBILE_APP_ANDROID	3025391875	Did not pick up	0	0	0					2091512	Dunkin' Original Blend Coffee Keurig® K-Cup® Pods, Medium Roast, 44/Box (006933)	Dunkin' Original Blend Coffee Keurig® K-Cup® Pods, Medium Roast, 44/Box (006933)	5000380570	38.99	0	1	0	Did not pick up	dunkin-original-blend-coffee-keurig-k-cup-pods-medium-roast-44-box-006933/product_2091512	False	True	True
9932984699	2025-10-04T12:50:08	SALES	WEB	3025391875	Did not pick up	0	0	0					24297293	Staples 2-Pocket Plastic Presentation Folder, Color chosen at random (ST55095-CC)	Staples 2-Pocket Plastic Presentation Folder, Color chosen at random (ST55095-CC)	ST55095-CC	2.69	0	1	0	Did not pick up	staples-plastic-2-pocket-folder-assorted-each-st55095-cc/product_24297293	False	True	True
9932984740	2025-10-04T12:52:18	SALES	WEB	3025391875	Picked up	2.34	2	0					658961	"Staples 1-Subject Composition Notebooks, 3.25"" x 4.5"", College Ruled, 80 Sheets, Assorted Colors, 2/Pack (ST17501C)"	"Staples 1-Subject Composition Notebooks, 3.25"" x 4.5"", College Ruled, 80 Sheets, Assorted Colors, 2/Pack (ST17501C)"	ST17501C	2.19	1	1	2.34	Picked up	staples-mini-composition-notebook-3-25-x-4-5-college-ruled-80-sheets-assorted-colors-2-pack-st17501/product_658961	False	True	True
9932984762	2025-10-04T12:54:01	SALES	WEB	3025391875	Did not pick up	0	0	0					24514114	Staples® Wooden Pencil, 2.2mm, #2 Medium Lead, 8/Pack (ST60571-US)	Staples® Wooden Pencil, 2.2mm, #2 Medium Lead, 8/Pack (ST60571-US)	ST60571-US	3.09	0	1	0	Did not pick up	staples-wooden-pencil-2-2mm-2-medium-lead-8-pack-st60571-us/product_24514114	False	True	True
9932984920	2025-10-04T13:05:48	SALES	WEB	3025391875	Picked up	2.65	2	0					919350	"Staples 1-Subject Composition Notebook, 7.5"" x 9.75"", College Ruled, 100 Sheets, Black (ST55064C)"	"Staples 1-Subject Composition Notebook, 7.5"" x 9.75"", College Ruled, 100 Sheets, Black (ST55064C)"	ST55064C	7.99	1	1	2.65	Picked up	staples-composition-notebook-7-5-x-9-75-college-ruled-100-sheets-black-st55064/product_919350	False	True	True
9932994302	2025-10-05T10:51:26	SALES	WEB	3025391875	Partially Delivered	267.62	50250	8800					24612534	"Samsonite Proxis 22"" Hardside Carry-On Suitcase, 8-Wheeled Spinner, Pretol Blue (141845-1686)"	"Samsonite Proxis 22"" Hardside Carry-On Suitcase, 8-Wheeled Spinner, Pretol Blue (141845-1686)"	141845-1686	499.99	1	1	267.62	Shipped	samsonite-hardside-carry-on-suitcase-8-wheeled-spinner-pretol-blue-141845-1686/product_24612534	False	False	True
9928961348	2025-03-15T14:53:40	SALES	WEB	3025391875	Partially Return Complete	1.02	0	0					2091512	Dunkin' Original Blend Coffee Keurig® K-Cup® Pods, Medium Roast, 44/Box (006933)	Dunkin' Original Blend Coffee Keurig® K-Cup® Pods, Medium Roast, 44/Box (006933)	5000380570	34.99	3	3	0.18	Picked up	dunkin-original-blend-coffee-keurig-k-cup-pods-medium-roast-44-box-006933/product_2091512	False	True	True
9928961348	2025-03-15T14:53:40	SALES	WEB	3025391875	Partially Return Complete	1.02	0	0					24580006	Bose QuietComfort Wireless Noise Canceling Earbuds, Black (882826-0010)	Bose QuietComfort Wireless Noise Canceling Earbuds, Black (882826-0010)	882826-0010	299	1	1	0.84	Return Complete	bose-quietcomfort-wireless-noise-canceling-earbuds-black-882826-0010/product_24580006	False	True	False
9928990904	2025-03-17T12:42:02	SALES	WEB	3025391875	Delivered	117.36	4967	0					24595414	Original HP 218X Black High-yield Toner Cartridge, print up to 3,200 pages (W2180X)	HP 218X Black High Yield Toner Cartridge, Prints Up to 3200 Pages (W2180X)	W2180X	105.79	1	1	85.92	Delivered	original-hp-218x-black-high-yield-toner-cartridge-w2180x-print-up-to-3-200-pages/product_24595414	False	False	True
9928990904	2025-03-17T12:42:02	SALES	WEB	3025391875	Delivered	117.36	4967	0					2646682	Dunkin' Original Blend Coffee Keurig® K-Cup® Pods, Medium Roast, 88/Carton (400845)	Dunkin' Original Blend Coffee Keurig® K-Cup® Pods, Medium Roast, 88/Carton (400845)	400845	74.99	1	1	28.94	Delivered	dunkin-original-blend-coffee-keurig-k-cup-pods-medium-roast-88-carton-400845/product_2646682	False	False	True
9928990904	2025-03-17T12:42:02	SALES	WEB	3025391875	Delivered	117.36	4967	0					134708	Glad Zipper Sandwich Bags, 50 Bags/Box (57263)	Glad Zipper Sandwich Bags, 50 Bags/Box (57263)	57263	3.09	1	1	2.5	Delivered	glad-zipper-sandwich-bags-50-bags-box-57263/product_134708	False	False	True
9928993307	2025-03-17T13:30:59	SALES	WEB	3025391875	Delivered	0.96	0	24200					2646682	Dunkin' Original Blend Coffee Keurig® K-Cup® Pods, Medium Roast, 88/Carton (400845)	Dunkin' Original Blend Coffee Keurig® K-Cup® Pods, Medium Roast, 88/Carton (400845)	400845	74.99	4	4	0.96	Delivered	dunkin-original-blend-coffee-keurig-k-cup-pods-medium-roast-88-carton-400845/product_2646682	False	False	True
9928997586	2025-03-17T14:49:20	SALES	WEB	3025391875	Delivered	0.79	0	13600					2646682	Dunkin' Original Blend Coffee Keurig® K-Cup® Pods, Medium Roast, 88/Carton (400845)	Dunkin' Original Blend Coffee Keurig® K-Cup® Pods, Medium Roast, 88/Carton (400845)	400845	74.99	2	2	0.66	Delivered	dunkin-original-blend-coffee-keurig-k-cup-pods-medium-roast-88-carton-400845/product_2646682	False	False	True
9928997586	2025-03-17T14:49:20	SALES	WEB	3025391875	Delivered	0.79	0	13600					24448550	"Elkay Water Soluble Bag, 36"" x 39"", Transparent Green, 100/Box (WSB2633)"	"Elkay Water Soluble Bag, 36"" x 39"", Transparent Green, 100/Box (WSB2633)"		12.8	1	1	0.13	Delivered		True	False	False
9929008250	2025-03-17T21:07:13	SALES	WEB	3025391875	Partially Did not pick up	0	0	0					487264	"Brother P-touch M-931 Label Maker Tape, 1/2"" x 26-2/10', Black on Silver (M-931)"	"Brother P-touch M-931 Label Maker Tape, 1/2"" x 26-2/10', Black on Silver (M-931)"	M931	11.79	0	1	0	Item(s) Unavailable	brother-p-touch-m-931-label-maker-tape-1-2-x-26-2-10-black-on-silver-m-931/product_487264	False	True	True
9929008250	2025-03-17T21:07:13	SALES	WEB	3025391875	Partially Did not pick up	0	0	0					24580025	Apple AirPods Pro (2nd Generation) with MagSafe Charging Case USB‑C, White (MTJV3LL/A)	Apple AirPods Pro (2nd Generation) with MagSafe Charging Case USB‑C, White (MTJV3LL/A)	MTJV3LL/A	249	0	1	0	Did not pick up	apple-airpods-pro-2nd-generation-with-magsafe-charging-case-usb-c-white-mtjv3am-a/product_24580025	False	False	True
9929070587	2025-03-20T17:56:36	SALES	WEB	3025391875	Partially Picked up	0.28	0	9200					616321	CloroxPro Disinfecting Wipes, Lemon Fresh, 75 Wipes/Container (15948)	CloroxPro Disinfecting Wipes, Lemon Fresh, 75 Wipes/Container (15948)	15948	6.5	1	1	0.05	Picked up	cloroxpro-clorox-disinfecting-wipes-lemon-fresh-75-count-15948/product_616321	False	True	True
9929070587	2025-03-20T17:56:36	SALES	WEB	3025391875	Partially Picked up	0.28	0	9200					24552240	Cascade Original ActionPacs Dishwashing Detergent, Fresh Scent, 105 Pods/Box (3700028028)	Cascade Original ActionPacs Dishwashing Detergent, Fresh Scent, 105 Pods/Box (3700028028)	3700028028	27.99	1	2	0.23	Item(s) Unavailable	cascade-original-actionpacs-dishwashing-detergent-fresh-scent-105-pods-box-3700028028/product_24552240	False	True	False
9929107052	2025-03-22T16:35:12	SALES	WEB	3025391875	Partially Picked up	0.09	224	105600					24592535	360 Electrical Fluid USB-C to USB-C Charging Cable, 5 ft., Powder (3E0793-PDW8NA)	360 Electrical Fluid USB-C to USB-C Charging Cable, 5 ft., Powder (3E0793-PDW8NA)	3E0793-PDW8NA	29.99	2	3	0.03	Picked up	360-electrical-fluid-usb-c-to-usb-c-charging-cable-5-ft-powder-3e0793-pdw8na/product_24592535	False	True	True
9929107052	2025-03-22T16:35:12	SALES	WEB	3025391875	Partially Picked up	0.09	224	105600					24584664	Staples TECH USB-C to USB-C Charging Cable, 9.8 ft., White (ST62336)	Staples TECH USB-C to USB-C Charging Cable, 9.8 ft., White (ST62336)	ST62336	13.99	2	3	0.01	Picked up	staples-tech-usb-c-to-usb-c-charging-cable-9-8-ft-white-st62336/product_24584664	False	True	True
9929107052	2025-03-22T16:35:12	SALES	WEB	3025391875	Partially Picked up	0.09	224	105600					24561375	Cascade Platinum Plus ActionPacs Dishwashing Detergent Pods, Fresh Scent, 47 Pods/Box (57893/6156)	Cascade Platinum Plus ActionPacs Dishwashing Detergent Pods, Fresh Scent, 47 Pods/Box (57893/6156)	57893/6156	28.09	7	8	0.02	Item(s) Unavailable	cascade-platinum-plus-actionpacs-dishwashing-detergent-pod-fresh-scent-52-pods-box-06156/product_24561375	False	True	True
9929107052	2025-03-22T16:35:12	SALES	WEB	3025391875	Partially Picked up	0.09	224	105600					24461600	JLab Studio On-Ear Headphones, Black (HASTUDIORBLK4)	JLab Studio On-Ear Headphones, Black (HASTUDIORBLK4)	HASTUDIORBLK4	19.99	2	3	0.01	Picked up	jlab-studio-on-ear-headphones-black-hastudiorblk4/product_24461600	False	True	False
9929107052	2025-03-22T16:35:12	SALES	WEB	3025391875	Partially Picked up	0.09	224	105600					24592536	360 Electrical Fluid USB-C to USB-C Charging Cable, 5 ft., Granite (3E0793-GRG8NA)	360 Electrical Fluid USB-C to USB-C Charging Cable, 5 ft., Granite (3E0793-GRG8NA)	3E0793-GRG8NA	29.99	2	3	0.02	Item(s) Unavailable	360-electrical-fluid-usb-c-to-usb-c-charging-cable-5-ft-granite-3e0793-grg8na/product_24592536	False	True	True
9929107052	2025-03-22T16:35:12	SALES	WEB	3025391875	Partially Picked up	0.09	224	105600					927192	Sony Headphones, Black (MDRZX110/BLK)	Sony Headphones, Black (MDRZX110/BLK)	MDRZX110/BLK	19.99	1	2	0	Picked up	Sony-MDR-ZX110-Stereo-Headphones-Black/product_927192	False	True	True
9929237809	2025-03-27T21:00:07	SALES	WEB	3025391875	Partially Picked up	0.5	0	29800					485949	"Scotch Foam Double-Sided Mounting Tape, 1"" x 12.5 yds., Gray (4011-LONG)"	"Scotch Foam Double-Sided Mounting Tape, 1"" x 12.5 yds., Gray (4011-LONG)"	4011-LONG	32.39	1	2	0.16	Picked up	scotch-outdoor-mounting-tape-1-x-450-gray-1-roll-4011-long/product_485949	False	True	False
9929237809	2025-03-27T21:00:07	SALES	WEB	3025391875	Partially Picked up	0.5	0	29800					2841782	Kennedy International Simplify Open Lid Storage Bin, Chocolate (25091-CHOCO-ST)	Kennedy International Simplify Open Lid Storage Bin, Chocolate (25091-CHOCO-ST)	25091-CHOCO-ST	16.99	4	5	0.34	Picked up	kennedy-international-simplify-open-lid-storage-bin-chocolate-25091-choco-st/product_2841782	False	True	True
9929265351	2025-03-29T15:18:21	SALES	WEB	3025391875	Partially Picked up	0.07	0	201200					24584663	Staples TECH USB-C to USB-C Charging Cable, 6.5 ft., White (ST62335)	Staples TECH USB-C to USB-C Charging Cable, 6.5 ft., White (ST62335)	ST62335	11.99	0	4	0	Item(s) Unavailable	staples-tech-usb-c-to-usb-c-charging-cable-6-5-ft-white-st62335/product_24584663	False	True	True
9929265351	2025-03-29T15:18:21	SALES	WEB	3025391875	Partially Picked up	0.07	0	201200					2724231	Honeywell Fire & Waterproof Safe Chest with Carry Handle (1533)	Honeywell Fire & Waterproof Safe Chest with Carry Handle (1533)	1533	54.99	1	2	0.04	Item(s) Unavailable	honeywell-fire-waterproof-safe-chest-with-carry-handle-1533/product_2724231	False	True	True
9929265351	2025-03-29T15:18:21	SALES	WEB	3025391875	Partially Picked up	0.07	0	201200					24580025	Apple AirPods Pro (2nd Generation) with MagSafe Charging Case USB‑C, White (MTJV3LL/A)	Apple AirPods Pro (2nd Generation) with MagSafe Charging Case USB‑C, White (MTJV3LL/A)	MTJV3LL/A	249	0	2	0	Item(s) Unavailable	apple-airpods-pro-2nd-generation-with-magsafe-charging-case-usb-c-white-mtjv3am-a/product_24580025	False	False	True
9929265351	2025-03-29T15:18:21	SALES	WEB	3025391875	Partially Picked up	0.07	0	201200					24387496	Newell Sistema Salad Container, Clear (21356ZS)	Newell Sistema To Go Salad Container, Clear, 37 oz. (21356ZS)	21356ZS	11.49	0	2	0	Item(s) Unavailable	newell-sistema-salad-container-clear-21356zs/product_24387496	False	True	False
9929265351	2025-03-29T15:18:21	SALES	WEB	3025391875	Partially Picked up	0.07	0	201200					485999	Fellowes Standard Footrests, Graphite (48121)	Fellowes Standard Footrest, Graphite (48121)	48121	30.79	1	2	0.03	Item(s) Unavailable	fellowes-standard-footrests-graphite-48121/product_485999	False	True	True
9929265351	2025-03-29T15:18:21	SALES	WEB	3025391875	Partially Picked up	0.07	0	201200					24573908	j5create 65W USB-C 2-Port GaN PD Charger, White (JUP2465)	j5create 65W USB-C 2-Port GaN PD Charger, White (JUP2465)	JUP2465	49.99	0	4	0	Item(s) Unavailable	j5create-65w-usb-c-2-port-gan-pd-charger-white-jup2465/product_24573908	False	True	True
9929265351	2025-03-29T15:18:21	SALES	WEB	3025391875	Partially Picked up	0.07	0	201200					390664	Scott 1-Ply Standard Toilet Paper, White, 1000 Sheets/Roll, 12 Rolls/Case (10060)	Scott 1-Ply Standard Toilet Paper, White, 1000 Sheets/Roll, 12 Rolls/Case (10060)	10060	19.19	0	2	0	Item(s) Unavailable	scott-1-ply-standard-toilet-paper-white-1000-sheets-roll-12-rolls-case-10060/product_390664	False	True	True
9929265351	2025-03-29T15:18:21	SALES	WEB	3025391875	Partially Picked up	0.07	0	201200					24584664	Staples TECH USB-C to USB-C Charging Cable, 9.8 ft., White (ST62336)	Staples TECH USB-C to USB-C Charging Cable, 9.8 ft., White (ST62336)	ST62336	13.99	0	2	0	Item(s) Unavailable	staples-tech-usb-c-to-usb-c-charging-cable-9-8-ft-white-st62336/product_24584664	False	True	True
9929267742	2025-03-29T18:35:23	SALES	WEB	3025391875	Partially Return Complete	0.09	0	0					24572587	j5create 5.9' USB C to USB C Power Cable, Male to Male, Black (JUCX25L18)	j5create 5.9' USB C to USB C Power Cable, Male to Male, Black (JUCX25L18)	JUCX25L18	14.99	2	3	0	Item(s) Unavailable	j5create-5-9-usb-type-c-to-usb-type-c-power-cable-male-to-male-black-jucx25l18/product_24572587	False	True	True
9929267742	2025-03-29T18:35:23	SALES	WEB	3025391875	Partially Return Complete	0.09	0	0					24580006	Bose QuietComfort Wireless Noise Canceling Earbuds, Black (882826-0010)	Bose QuietComfort Wireless Noise Canceling Earbuds, Black (882826-0010)	882826-0010	299	2	3	0.08	Item(s) Unavailable	bose-quietcomfort-wireless-noise-canceling-earbuds-black-882826-0010/product_24580006	False	True	False
9929267742	2025-03-29T18:35:23	SALES	WEB	3025391875	Partially Return Complete	0.09	0	0					482898	"Glad 13 Gallon Trash Bag, 8.5""x8.5"", Low Density, .72 mil, White, 100 Bags/Box (CLO 78526)"	"Glad 13 Gallon Trash Bag, 8.5""x8.5"", Low Density, .72 mil, White, 100 Bags/Box (CLO 78526)"	CLO 78526	19.39	3	3	0.01	Return Complete	cloroxpro-glad-forceflex-13-gallon-tall-kitchen-trash-bag-8-75-x-9-06-low-density-95-mil-white-100-bags-box-clo-78526/product_482898	False	True	True
9984036183	2025-04-02T19:43:41	SALES	WEB	3025391875	Partially Picked up	0.74	0	173200					24580025	Apple AirPods Pro (2nd Generation) with MagSafe Charging Case USB‑C, White (MTJV3LL/A)	Apple AirPods Pro (2nd Generation) with MagSafe Charging Case USB‑C, White (MTJV3LL/A)	MTJV3LL/A	249	2	3	0.57	Item(s) Unavailable	apple-airpods-pro-2nd-generation-with-magsafe-charging-case-usb-c-white-mtjv3am-a/product_24580025	False	False	True
9984036183	2025-04-02T19:43:41	SALES	WEB	3025391875	Partially Picked up	0.74	0	173200					24573908	j5create 65W USB-C 2-Port GaN PD Charger, White (JUP2465)	j5create 65W USB-C 2-Port GaN PD Charger, White (JUP2465)	JUP2465	49.99	3	3	0.17	Picked up	j5create-65w-usb-c-2-port-gan-pd-charger-white-jup2465/product_24573908	False	True	True
9984037317	2025-04-02T21:03:03	SALES	WEB	3025391875	Partially Return Complete	0.75	0	0					24573914	j5create 100W USB Type-C Charger, Black (JUP2290C)	j5create 100W USB Type-C Charger, Black (JUP2290C)	JUP2290C	49.99	3	4	0.3	Item(s) Unavailable	j5create-100w-usb-type-c-charger-black-jup2290c/product_24573914	False	True	False
9984037317	2025-04-02T21:03:03	SALES	WEB	3025391875	Partially Return Complete	0.75	0	0					24453272	j5create USB-C Super Charger, Black (JUP2290)	j5create USB-C Super Charger, Black (JUP2290)	JUP2290	39.99	2	2	0.16	Return Complete	j5create-usb-c-super-charger-black-jup2290/product_24453272	False	True	True
9984037317	2025-04-02T21:03:03	SALES	WEB	3025391875	Partially Return Complete	0.75	0	0					24573908	j5create 65W USB-C 2-Port GaN PD Charger, White (JUP2465)	j5create 65W USB-C 2-Port GaN PD Charger, White (JUP2465)	JUP2465	49.99	3	4	0.29	Picked up	j5create-65w-usb-c-2-port-gan-pd-charger-white-jup2465/product_24573908	False	True	True
9929630172	2025-04-19T17:52:16	SALES	WEB	3025391875	Partially Did not pick up	0	0	0					485999	Fellowes Standard Footrest, Graphite (48121)	Fellowes Standard Footrest, Graphite (48121)	48121	30.79	0	3	0	Did not pick up	fellowes-standard-footrests-graphite-48121/product_485999	False	True	True
9929630172	2025-04-19T17:52:16	SALES	WEB	3025391875	Partially Did not pick up	0	0	0					24387496	Newell Sistema Salad Container, Clear (21356ZS)	Newell Sistema To Go Salad Container, Clear, 37 oz. (21356ZS)	21356ZS	11.49	0	5	0	Did not pick up	newell-sistema-salad-container-clear-21356zs/product_24387496	False	True	False
9929764820	2025-04-26T02:45:06	SALES	WEB	3025391875	Delivered	54.7	10051	0					62171	Duracell AA NiMH Battery, rechargeable, 4/Pack (DX1500B4N001)	Duracell AA NiMH Battery, rechargeable, 4/Pack (DX1500B4N001)	DX1500B4N001	13.26	5	5	54.7	Delivered	duracell-aa-nimh-battery-4-pack-dx1500b4n001/product_62171	False	True	True
9931078045	2025-07-05T18:01:03	SALES	WEB	3025391875	Delivered	0.94	0	11200					2091512	Dunkin' Original Blend Coffee Keurig® K-Cup® Pods, Medium Roast, 44/Box (006933)	Dunkin' Original Blend Coffee Keurig® K-Cup® Pods, Medium Roast, 44/Box (006933)	5000380570	38.99	6	6	0.94	Delivered	dunkin-original-blend-coffee-keurig-k-cup-pods-medium-roast-44-box-006933/product_2091512	False	True	True
9931250607	2025-07-13T16:01:15	SALES	WEB	3025391875	Delivered	0.96	0	4400					2091512	Dunkin' Original Blend Coffee Keurig® K-Cup® Pods, Medium Roast, 44/Box (006933)	Dunkin' Original Blend Coffee Keurig® K-Cup® Pods, Medium Roast, 44/Box (006933)	5000380570	38.99	4	4	0.96	Delivered	dunkin-original-blend-coffee-keurig-k-cup-pods-medium-roast-44-box-006933/product_2091512	False	True	True
9931254130	2025-07-13T22:13:54	SALES	WEB	3025391875	Delivered	0.98	0	9600					1635472	Green Mountain Dark Magic Coffee Keurig® K-Cup® Pods, Dark Roast, 48/Box (81911/15171)	Green Mountain Dark Magic Coffee Keurig® K-Cup® Pods, Dark Roast, 48/Box (81911/15171)	5000356566	38.99	1	1	0.34	Delivered	green-mountain-dark-magic-coffee-keurig-k-cup-pods-dark-roast-48-box-81911-15171/product_1635472	False	True	True
9931254130	2025-07-13T22:13:54	SALES	WEB	3025391875	Delivered	0.98	0	9600					865670	Green Mountain Dark Magic Coffee Keurig® K-Cup® Pods, Dark Roast, 96/Carton (4061)	Green Mountain Dark Magic Coffee Keurig® K-Cup® Pods, Dark Roast, 96/Carton (4061)	4061	76.99	1	1	0.64	Delivered	green-mountain-dark-magic-coffee-keurig-k-cup-pods-dark-roast-96-carton-4061/product_865670	False	False	True
9931523832	2025-07-26T11:34:02	SALES	WEB	3025391875	Picked up	0.97	0	10000					2091512	Dunkin' Original Blend Coffee Keurig® K-Cup® Pods, Medium Roast, 44/Box (006933)	Dunkin' Original Blend Coffee Keurig® K-Cup® Pods, Medium Roast, 44/Box (006933)	5000380570	38.99	3	3	0.97	Picked up	dunkin-original-blend-coffee-keurig-k-cup-pods-medium-roast-44-box-006933/product_2091512	False	True	True
9931552101	2025-07-29T14:55:26	SALES	WEB	3025391875	Delivered	0.96	0	12800					2091512	Dunkin' Original Blend Coffee Keurig® K-Cup® Pods, Medium Roast, 44/Box (006933)	Dunkin' Original Blend Coffee Keurig® K-Cup® Pods, Medium Roast, 44/Box (006933)	5000380570	38.99	4	4	0.96	Delivered	dunkin-original-blend-coffee-keurig-k-cup-pods-medium-roast-44-box-006933/product_2091512	False	True	True
9931581540	2025-07-30T14:52:11	SALES	WEB	3025391875	Delivered	0.67	0	13200					24646699	PNY Attaché 3 16GB USB 2.0 Type A Flash Drive, Black (P-FD16GATT3-BG)	PNY Attaché 3 16GB USB 2.0 Type A Flash Drive, Black (P-FD16GATT3-BG)	P-FD16GATT3-BG	4.99	1	1	0	Delivered	pny-16gb-attach-3-usb-2-0-flash-drive-p-fd16gatt3-bg/product_24646699	False	False	True
9931581540	2025-07-30T14:52:11	SALES	WEB	3025391875	Delivered	0.67	0	13200					2091512	Dunkin' Original Blend Coffee Keurig® K-Cup® Pods, Medium Roast, 44/Box (006933)	Dunkin' Original Blend Coffee Keurig® K-Cup® Pods, Medium Roast, 44/Box (006933)	5000380570	38.99	4	4	0.66	Delivered	dunkin-original-blend-coffee-keurig-k-cup-pods-medium-roast-44-box-006933/product_2091512	False	True	True
9931581540	2025-07-30T14:52:11	SALES	WEB	3025391875	Delivered	0.67	0	13200					24420005	"Coastwide Professional™ 36"" Lobby Broom, Gray (CW61069-CC)"	"Coastwide Professional™ 36"" Lobby Broom, Gray (CW61069-CC)"	CW61069-CC	1.71	1	1	0.01	Delivered	coastwide-professional-8-lobby-broom-gray-cw58001/product_24420005	False	False	True
9931581677	2025-07-30T14:55:01	SALES	WEB	3025391875	Delivered	0.68	0	9200					24646699	PNY Attaché 3 16GB USB 2.0 Type A Flash Drive, Black (P-FD16GATT3-BG)	PNY Attaché 3 16GB USB 2.0 Type A Flash Drive, Black (P-FD16GATT3-BG)	P-FD16GATT3-BG	4.99	1	1	0	Delivered	pny-16gb-attach-3-usb-2-0-flash-drive-p-fd16gatt3-bg/product_24646699	False	False	True
9931581677	2025-07-30T14:55:01	SALES	WEB	3025391875	Delivered	0.68	0	9200					24420005	"Coastwide Professional™ 36"" Lobby Broom, Gray (CW61069-CC)"	"Coastwide Professional™ 36"" Lobby Broom, Gray (CW61069-CC)"	CW61069-CC	1.71	1	1	0.02	Delivered	coastwide-professional-8-lobby-broom-gray-cw58001/product_24420005	False	False	True
9931581677	2025-07-30T14:55:01	SALES	WEB	3025391875	Delivered	0.68	0	9200					2091512	Dunkin' Original Blend Coffee Keurig® K-Cup® Pods, Medium Roast, 44/Box (006933)	Dunkin' Original Blend Coffee Keurig® K-Cup® Pods, Medium Roast, 44/Box (006933)	5000380570	38.99	3	3	0.66	Delivered	dunkin-original-blend-coffee-keurig-k-cup-pods-medium-roast-44-box-006933/product_2091512	False	True	True
9931610681	2025-07-31T14:56:42	SALES	WEB	3025391875	Delivered	0.96	0	12800					24646699	PNY Attaché 3 16GB USB 2.0 Type A Flash Drive, Black (P-FD16GATT3-BG)	PNY Attaché 3 16GB USB 2.0 Type A Flash Drive, Black (P-FD16GATT3-BG)	P-FD16GATT3-BG	4.99	1	1	0	Delivered	pny-16gb-attach-3-usb-2-0-flash-drive-p-fd16gatt3-bg/product_24646699	False	False	True
9931610681	2025-07-31T14:56:42	SALES	WEB	3025391875	Delivered	0.96	0	12800					2091512	Dunkin' Original Blend Coffee Keurig® K-Cup® Pods, Medium Roast, 44/Box (006933)	Dunkin' Original Blend Coffee Keurig® K-Cup® Pods, Medium Roast, 44/Box (006933)	5000380570	38.99	4	4	0.96	Delivered	dunkin-original-blend-coffee-keurig-k-cup-pods-medium-roast-44-box-006933/product_2091512	False	True	True
9932281293	2025-08-29T00:20:31	SALES	WEB	3025391875	Partially Delivered	52.34	0	0					2638592	Sharpie Magnum Tank Permanent Marker, Chisel Tip, Black, 12/Pack (44001A)	Sharpie Magnum Tank Permanent Marker, Chisel Tip, Black, 12/Pack (44001A)	44001A	48.79	1	1	39.84	Delivered	sharpie-magnum-permanent-markers-xl-chisel-tip-black-12-pack-44001a/product_2638592	False	False	True
9932281293	2025-08-29T00:20:31	SALES	WEB	3025391875	Partially Delivered	52.34	0	0					24392195	"Westcott 8"" Titanium Multi-Purpose/Heavy Duty Scissor, Blunt Tip, Navy (17509)"	"Westcott 8"" Titanium Multi-Purpose/Heavy Duty Scissor, Blunt Tip, Navy (17509)"	17509	5.31	1	1	4.34	Processing	westcott-8-titanium-multi-purpose-heavy-duty-scissor-blunt-tip-navy-17509/product_24392195	False	False	True
9932281293	2025-08-29T00:20:31	SALES	WEB	3025391875	Partially Delivered	52.34	0	0					24549771	Sharpie S-Gel Retractable Gel Pen, Medium Point, Assorted Ink, Dozen (2129832)	Sharpie S-Gel Retractable Gel Pen, Medium Point, Assorted Ink, Dozen (2129832)	2129832	18.39	1	1	8.16	Delivered	sharpie-s-gel-retractable-gel-pen-medium-point-assorted-ink-dozen-2129832/product_24549771	False	True	True
9932580875	2025-09-13T12:29:16	SALES	WEB	3025391875	Did not pick up	0	0	0					572549	"Staples 1-Subject Composition Notebook, 7.5"" x 9.75"", College Ruled, 100 Sheets, Color chosen at random (ST55063C)"	"Staples 1-Subject Composition Notebook, 7.5"" x 9.75"", College Ruled, 100 Sheets, Color chosen at random (ST55063C)"	ST55063C	4.09	0	2	0	Did not pick up	staples-composition-notebook-7-5-x-9-75-college-ruled-100-sheets-assorted-colors-st55063/product_572549	False	True	True
9932708851	2025-09-21T09:36:09	SALES	WEB	3025391875	Did not pick up	0	0	0					2091512	Dunkin' Original Blend Coffee Keurig® K-Cup® Pods, Medium Roast, 44/Box (006933)	Dunkin' Original Blend Coffee Keurig® K-Cup® Pods, Medium Roast, 44/Box (006933)	5000380570	38.99	0	1	0	Did not pick up	dunkin-original-blend-coffee-keurig-k-cup-pods-medium-roast-44-box-006933/product_2091512	False	True	True
